{"cameraMode":{"drawMode":0,"name":"Shaded","section":"Shading Mode"},"sceneLighting":true,"audioPlay":false,"sceneViewState":{"m_AlwaysRefresh":false,"showFog":true,"showSkybox":true,"showFlares":true,"showImageEffects":true,"showParticleSystems":true,"showVisualEffectGraphs":true,"m_FxEnabled":true},"in2DMode":false,"pivot":{"x":85.8868179321289,"y":20.46980094909668,"z":59.03429412841797},"rotation":{"x":0.0026653800159692766,"y":0.9961418509483337,"z":-0.08417633175849915,"w":0.02874414436519146},"size":1.1087950468063355,"orthographic":false}