{"cameraMode":{"drawMode":0,"name":"Shaded","section":"Shading Mode"},"sceneLighting":true,"audioPlay":false,"sceneViewState":{"m_AlwaysRefresh":false,"showFog":true,"showSkybox":true,"showFlares":true,"showImageEffects":true,"showParticleSystems":true,"showVisualEffectGraphs":true,"m_FxEnabled":true},"in2DMode":false,"pivot":{"x":73.95470428466797,"y":1.7168636322021485,"z":72.96501922607422},"rotation":{"x":0.18832020461559297,"y":-0.2880437970161438,"z":0.05788735672831535,"w":0.9371615052223206},"size":16.517974853515626,"orthographic":false}